{
  "val_loss": 10.824777603149414,
  "val_ppl": 50250.59375
}